rank,abbreviation,rank_points
Trainee,TR,0
Private,PVT,2
Private Second Class,PV2,6
Private First Class,PFC,11
Specialist,SPC,18
Corporal,CPL,27
Sergeant,SGT,37
Sergeant First Class,SFC,50
Junior Cornet,JCT,56
Cornet,CT,65
Cornet First Class,CFC,75
Paladin Corporal,PCL,87
Paladin Sergeant,PST,100
Senior Cornet,SC,114
Gunnery Sergeant,GST,129
Master Gunnery Sergeant,MGS,146
Exarch Lieutenant,E-LT,165
Warrant Officer 1,WO-1
Chief Warrant Officer 2,CWO-2
Chief Warrant Officer 3,CWO-3
Chief Warrant Officer 4,CWO-4
Chief Warrant Officer 5,CWO-5
Sergeant Major,SGM
Command Sergeant Major,CSM
Lieutenant,LT
First Lieutenant,1LT
Captain,CPT
Brigadier,B
Lieutenant Colonel,LTC
Major,M
Colonel,C
Brigadier General,BG
Adjunct General,AJ
General of the Army,GA